[{"title":"The Invincible ","content":"The \"Invincible\" est un jeu vid\u00e9o, vous vous appelez Yasna et vous \u00eates une astro-biologiste hautement qualifi\u00e9e, \u00e0 l'esprit vif. Entra\u00een\u00e9s dans une course \u00e0 l'espace, votre \u00e9quipage et vous, vous retrouvez sur la plan\u00e8te inexplor\u00e9e Regis III. \r\n\r\n\r\nLe voyage scientifique se transforme rapidement en une mission de recherche des membres d'\u00e9quipage perdus. Suivez sa trace, mais soyez pleinement conscient que chaque d\u00e9cision que vous prenez peut vous rapprocher du danger.","type":"note","favoris":"1","filename":"notes\/notes-02-05-2024-75396.json","date":"02-05-2024 06:33:28"}]