[
  {
    "title": "The Matrix",
    "content": "Matrix (The Matrix), est un film de science-fiction australo-américain écrit et réalisé par les Wachowski et sorti en 1999.\r\n\r\nIl dépeint un futur dystopique dans lequel la réalité perçue par la plupart des humains est une simulation virtuelle en se connectant à la « Matrice », créée par des machines douées d'intelligence, afin d'asservir les êtres humains, à leur insu, et de se servir de la chaleur et de l'activité électrique de leur corps comme source d'énergie. Le programmeur informatique Neo apprend cette vérité et rejoint une rébellion. ",
    "type": "note",
    "favoris": 0,
    "filename": "notes/notes-02-05-2024-14665.json",
    "date": "02-05-2024 13:25:41"
  }
]